Gene1,Gene2,Correlation,p-value
PIK3CA,PIK3CB,0.459,0.0
PIK3CA,PIK3CD,0.0932,0.0011
PIK3CA,PIK3R1,0.3309,0.0
PIK3CA,PIK3R2,-0.0495,0.0833
PIK3CA,PTEN,0.3631,0.0
PIK3CA,AKT1,-0.2316,0.0
PIK3CA,AKT2,-0.1007,0.0004
PIK3CA,AKT3,0.3801,0.0
PIK3CA,PDPK1,0.1837,0.0
PIK3CA,MTOR,0.4042,0.0
PIK3CA,RPS6KB1,0.2514,0.0
PIK3CA,EIF4EBP1,-0.3083,0.0
PIK3CA,GSK3B,0.439,0.0
PIK3CA,MDM2,0.1446,0.0
PIK3CA,TP53,-0.143,0.0
PIK3CA,FOXO1,0.4134,0.0
PIK3CA,FOXO3,0.3773,0.0
PIK3CA,TSC1,0.3543,0.0
PIK3CA,TSC2,-0.2453,0.0
PIK3CB,PIK3CD,-0.0974,0.0006
PIK3CB,PIK3R1,0.1027,0.0003
PIK3CB,PIK3R2,-0.0937,0.001
PIK3CB,PTEN,0.1834,0.0
PIK3CB,AKT1,-0.148,0.0
PIK3CB,AKT2,-0.074,0.0095
PIK3CB,AKT3,0.1419,0.0
PIK3CB,PDPK1,0.3267,0.0
PIK3CB,MTOR,0.3642,0.0
PIK3CB,RPS6KB1,0.212,0.0
PIK3CB,EIF4EBP1,-0.1877,0.0
PIK3CB,GSK3B,0.5644,0.0
PIK3CB,MDM2,0.2668,0.0
PIK3CB,TP53,-0.1047,0.0002
PIK3CB,FOXO1,0.028,0.3277
PIK3CB,FOXO3,0.1352,0.0
PIK3CB,TSC1,0.1198,0.0
PIK3CB,TSC2,-0.2052,0.0
PIK3CD,PIK3R1,0.1263,0.0
PIK3CD,PIK3R2,0.001,0.9729
PIK3CD,PTEN,-0.0409,0.1519
PIK3CD,AKT1,-0.1062,0.0002
PIK3CD,AKT2,-0.018,0.5299
PIK3CD,AKT3,0.3998,0.0
PIK3CD,PDPK1,-0.248,0.0
PIK3CD,MTOR,0.077,0.007
PIK3CD,RPS6KB1,-0.2012,0.0
PIK3CD,EIF4EBP1,0.0,0.9993
PIK3CD,GSK3B,-0.2332,0.0
PIK3CD,MDM2,-0.2475,0.0
PIK3CD,TP53,0.0804,0.0048
PIK3CD,FOXO1,0.3755,0.0
PIK3CD,FOXO3,0.0245,0.391
PIK3CD,TSC1,-0.0256,0.3706
PIK3CD,TSC2,-0.07,0.0143
PIK3R1,PIK3R2,0.0814,0.0043
PIK3R1,PTEN,0.4003,0.0
PIK3R1,AKT1,-0.077,0.007
PIK3R1,AKT2,-0.1659,0.0
PIK3R1,AKT3,0.272,0.0
PIK3R1,PDPK1,0.1506,0.0
PIK3R1,MTOR,0.2339,0.0
PIK3R1,RPS6KB1,-0.0379,0.1846
PIK3R1,EIF4EBP1,-0.4202,0.0
PIK3R1,GSK3B,0.1173,0.0
PIK3R1,MDM2,-0.0222,0.4378
PIK3R1,TP53,0.0031,0.9136
PIK3R1,FOXO1,0.5137,0.0
PIK3R1,FOXO3,0.38,0.0
PIK3R1,TSC1,0.2914,0.0
PIK3R1,TSC2,-0.0127,0.6573
PIK3R2,PTEN,-0.0333,0.2436
PIK3R2,AKT1,0.084,0.0032
PIK3R2,AKT2,0.1183,0.0
PIK3R2,AKT3,-0.045,0.115
PIK3R2,PDPK1,0.0888,0.0019
PIK3R2,MTOR,0.0479,0.0934
PIK3R2,RPS6KB1,-0.0227,0.4276
PIK3R2,EIF4EBP1,-0.1215,0.0
PIK3R2,GSK3B,0.0074,0.7967
PIK3R2,MDM2,0.0649,0.0231
PIK3R2,TP53,-0.0233,0.4158
PIK3R2,FOXO1,-0.0794,0.0054
PIK3R2,FOXO3,0.0404,0.1576
PIK3R2,TSC1,0.3301,0.0
PIK3R2,TSC2,0.3235,0.0
PTEN,AKT1,-0.1321,0.0
PTEN,AKT2,-0.1658,0.0
PTEN,AKT3,0.2966,0.0
PTEN,PDPK1,0.183,0.0
PTEN,MTOR,0.1415,0.0
PTEN,RPS6KB1,0.1622,0.0
PTEN,EIF4EBP1,-0.3432,0.0
PTEN,GSK3B,0.1769,0.0
PTEN,MDM2,0.1692,0.0
PTEN,TP53,-0.0512,0.0729
PTEN,FOXO1,0.4391,0.0
PTEN,FOXO3,0.1868,0.0
PTEN,TSC1,0.2512,0.0
PTEN,TSC2,-0.1635,0.0
AKT1,AKT2,0.1388,0.0
AKT1,AKT3,-0.2769,0.0
AKT1,PDPK1,0.156,0.0
AKT1,MTOR,0.047,0.1002
AKT1,RPS6KB1,-0.0184,0.5203
AKT1,EIF4EBP1,0.023,0.4201
AKT1,GSK3B,-0.0021,0.9417
AKT1,MDM2,-0.092,0.0013
AKT1,TP53,-0.055,0.0542
AKT1,FOXO1,-0.2533,0.0
AKT1,FOXO3,-0.0304,0.2875
AKT1,TSC1,-0.0687,0.0161
AKT1,TSC2,0.3091,0.0
AKT2,AKT3,-0.0726,0.011
AKT2,PDPK1,-0.0441,0.1226
AKT2,MTOR,-0.0299,0.2961
AKT2,RPS6KB1,-0.0804,0.0049
AKT2,EIF4EBP1,0.0396,0.1656
AKT2,GSK3B,-0.1582,0.0
AKT2,MDM2,-0.0498,0.0813
AKT2,TP53,-0.0277,0.3326
AKT2,FOXO1,-0.0359,0.2097
AKT2,FOXO3,-0.1009,0.0004
AKT2,TSC1,0.0308,0.2819
AKT2,TSC2,0.2707,0.0
AKT3,PDPK1,-0.0255,0.3719
AKT3,MTOR,0.1815,0.0
AKT3,RPS6KB1,-0.049,0.0864
AKT3,EIF4EBP1,-0.2304,0.0
AKT3,GSK3B,0.0655,0.0217
AKT3,MDM2,-0.087,0.0023
AKT3,TP53,0.0207,0.4687
AKT3,FOXO1,0.5574,0.0
AKT3,FOXO3,0.2289,0.0
AKT3,TSC1,0.2017,0.0
AKT3,TSC2,-0.1649,0.0
PDPK1,MTOR,0.3626,0.0
PDPK1,RPS6KB1,0.1916,0.0
PDPK1,EIF4EBP1,-0.3627,0.0
PDPK1,GSK3B,0.3761,0.0
PDPK1,MDM2,0.2904,0.0
PDPK1,TP53,-0.0271,0.3438
PDPK1,FOXO1,-0.0259,0.3652
PDPK1,FOXO3,0.1735,0.0
PDPK1,TSC1,0.3797,0.0
PDPK1,TSC2,0.3437,0.0
MTOR,RPS6KB1,0.1289,0.0
MTOR,EIF4EBP1,-0.2497,0.0
MTOR,GSK3B,0.4501,0.0
MTOR,MDM2,0.1444,0.0
MTOR,TP53,-0.1016,0.0004
MTOR,FOXO1,0.0858,0.0026
MTOR,FOXO3,0.2602,0.0
MTOR,TSC1,0.3258,0.0
MTOR,TSC2,0.0264,0.3552
RPS6KB1,EIF4EBP1,-0.1617,0.0
RPS6KB1,GSK3B,0.3523,0.0
RPS6KB1,MDM2,0.325,0.0
RPS6KB1,TP53,-0.0204,0.4756
RPS6KB1,FOXO1,0.0165,0.5646
RPS6KB1,FOXO3,0.1237,0.0
RPS6KB1,TSC1,0.1622,0.0
RPS6KB1,TSC2,-0.1155,0.0001
EIF4EBP1,GSK3B,-0.245,0.0
EIF4EBP1,MDM2,-0.1618,0.0
EIF4EBP1,TP53,0.042,0.142
EIF4EBP1,FOXO1,-0.3106,0.0
EIF4EBP1,FOXO3,-0.3353,0.0
EIF4EBP1,TSC1,-0.4291,0.0
EIF4EBP1,TSC2,-0.0726,0.011
GSK3B,MDM2,0.2906,0.0
GSK3B,TP53,-0.1134,0.0001
GSK3B,FOXO1,-0.0534,0.0616
GSK3B,FOXO3,0.2837,0.0
GSK3B,TSC1,0.2388,0.0
GSK3B,TSC2,-0.153,0.0
MDM2,TP53,0.0077,0.7866
MDM2,FOXO1,-0.0919,0.0013
MDM2,FOXO3,-0.0665,0.0199
MDM2,TSC1,0.1638,0.0
MDM2,TSC2,-0.0429,0.1331
TP53,FOXO1,-0.0066,0.8165
TP53,FOXO3,0.033,0.2483
TP53,TSC1,-0.0362,0.2048
TP53,TSC2,-0.0085,0.7653
FOXO1,FOXO3,0.3509,0.0
FOXO1,TSC1,0.2474,0.0
FOXO1,TSC2,-0.1347,0.0
FOXO3,TSC1,0.25,0.0
FOXO3,TSC2,-0.0643,0.0243
TSC1,TSC2,0.1827,0.0
